<?xml version="1.0" encoding="UTF-8"?>
<beans xmlns="http://www.springframework.org/schema/beans"
	xmlns:xsi="http://www.w3.org/2001/XMLSchema-instance"
	xmlns:beans="http://www.springframework.org/schema/beans"
	xmlns:context="http://www.springframework.org/schema/context"
	xsi:schemaLocation="http://www.springframework.org/schema/mvc https://www.springframework.org/schema/mvc/spring-mvc.xsd
		http://www.springframework.org/schema/beans https://www.springframework.org/schema/beans/spring-beans.xsd
		http://www.springframework.org/schema/context https://www.springframework.org/schema/context/spring-context.xsd">
	<!-- ==================================================== [[ 컨트롤러 영역 ]] ==================================================== -->
	<bean id="admin-controller" class="admin.mvc.AdminController">
		<property name="methodNameResolver" ref="admin-resolver"/>
		<property name="adminLogic" ref="admin-logic"/>
	</bean>
	<!-- ========================================= [[ url과 컨트롤러 mapping ]] ========================================== -->
	<!-- Url의 mapping이 이루어짐 -->
	<bean id="admin-url-mapping" class="org.springframework.web.servlet.handler.SimpleUrlHandlerMapping">
		<property name="mappings">
			<props>
				<prop key="/admin/outMember.nds">admin-controller</prop>
				<prop key="/admin/initReportNumber.nds">admin-controller</prop>
				<prop key="/admin/selectMemberBySearch.nds">admin-controller</prop>
				<prop key="/admin/selectBoardBySearch.nds">admin-controller</prop>
				<prop key="/admin/selectMemberReportDetail.nds">admin-controller</prop>
				<prop key="/admin/selectBoardReportDetail.nds">admin-controller</prop>
			</props>
		</property>
	</bean>
	<!-- ========================================= [[ url과 메소드 mapping ]] ========================================== -->
	<bean id="admin-resolver" class="org.springframework.web.servlet.mvc.multiaction.PropertiesMethodNameResolver">
		<property name="mappings">
			<props>
				<prop key="/admin/outMember.nds">outMember</prop>
				<prop key="/admin/initReportNumber.nds">initReportNumber</prop>
				<prop key="/admin/selectMemberBySearch.nds">selectMemberBySearch</prop>
				<prop key="/admin/selectBoardBySearch.nds">selectBoardBySearch</prop>
				<prop key="/admin/selectMemberReportDetail.nds">selectMemberReportDetail</prop>
				<prop key="/admin/selectBoardReportDetail.nds">selectBoardReportDetail</prop>
			</props>
		</property>
	</bean>	
	<!-- ========================================= [[ 뷰(페이지) 접두/접미어 설정 ]] ========================================== -->
</beans>