<?xml version="1.0" encoding="UTF-8"?>
<beans xmlns="http://www.springframework.org/schema/beans"
	xmlns:xsi="http://www.w3.org/2001/XMLSchema-instance"
	xmlns:beans="http://www.springframework.org/schema/beans"
	xmlns:context="http://www.springframework.org/schema/context"
	xsi:schemaLocation="http://www.springframework.org/schema/mvc https://www.springframework.org/schema/mvc/spring-mvc.xsd
		http://www.springframework.org/schema/beans https://www.springframework.org/schema/beans/spring-beans.xsd
		http://www.springframework.org/schema/context https://www.springframework.org/schema/context/spring-context.xsd">
	<!-- ==================================================== [[ 컨트롤러 영역 ]] ==================================================== -->
	<bean id="etc-controller" class="etc.mvc.EtcController">
		<property name="methodNameResolver" ref="etc-resolver"/>
		<property name="etcLogic" ref="etc-logic"/>
	</bean>
	<!-- ========================================= [[ url과 컨트롤러 mapping ]] ========================================== -->
	<!-- Url의 mapping이 이루어짐 -->
	<bean id="etc-url-mapping" class="org.springframework.web.servlet.handler.SimpleUrlHandlerMapping">
		<property name="mappings">
			<props>
				<prop key="/etc/selectCategory.nds">etc-controller</prop>
				<prop key="/etc/selectAutocompleteList.nds">etc-controller</prop>
				<prop key="/etc/selectWordList.nds">etc-controller</prop>
			</props>
		</property>
	</bean>
	<!-- ========================================= [[ url과 메소드 mapping ]] ========================================== -->
	<bean id="etc-resolver" class="org.springframework.web.servlet.mvc.multiaction.PropertiesMethodNameResolver">
		<property name="mappings">
			<props>
				<prop key="/etc/selectCategory.nds">selectCategory</prop>
				<prop key="/etc/selectAutocompleteList.nds">selectAutocompleteList</prop>
				<prop key="/etc/selectWordList.nds">selectWordList</prop>
			</props>
		</property>
	</bean>	
	<!-- ========================================= [[ 뷰(페이지) 접두/접미어 설정 ]] ========================================== -->
</beans>