<?xml version="1.0" encoding="UTF-8" ?>
<!DOCTYPE configuration
 PUBLIC "-//mybatis.org//DTD Config 3.0//EN"
 "http://mybatis.org/dtd/mybatis-3-config.dtd">
<configuration>
	<typeAliases>
<!-- 		<typeAlias alias="bmVO" type="com.vo.BoardMVO" /> -->
	</typeAliases>
	<mappers>
		<mapper resource="com/mybatis/mapper/item.xml" />
	    <mapper resource="com/mybatis/mapper/admin.xml" />
		<mapper resource="com/mybatis/mapper/member.xml" />
		<mapper resource="com/mybatis/mapper/page.xml" />
		<mapper resource="com/mybatis/mapper/etc.xml" />
		<mapper resource="com/mybatis/mapper/errand.xml" />
	</mappers>
</configuration>