<?xml version="1.0" encoding="UTF-8"?>
<beans xmlns="http://www.springframework.org/schema/beans"
	xmlns:xsi="http://www.w3.org/2001/XMLSchema-instance"
	xsi:schemaLocation="http://www.springframework.org/schema/beans http://www.springframework.org/schema/beans/spring-beans.xsd">
	<bean id="data-source-target" class="org.springframework.jdbc.datasource.DriverManagerDataSource">
		<property name="driverClassName">
			<value>oracle.jdbc.driver.OracleDriver</value>
		</property>
		<property name="url">
			<value>jdbc:oracle:thin:@192.168.0.163:1521:orcl11</value>
		</property>
		<property name="username">
			<value>finaltest</value>
		</property>
		<property name="password">
			<value>cheetah</value>
		</property>
	</bean>
	<bean id="sqlSessionFactory" class="org.mybatis.spring.SqlSessionFactoryBean">
		<property name="configLocation" value="WEB-INF/mapper_register.xml"/>
		<property name="dataSource" ref="data-source-target"/>
	</bean>
	<bean id="sqlSessionTemplate" class="org.mybatis.spring.SqlSessionTemplate">
		<constructor-arg index="0" ref="sqlSessionFactory"/>
	</bean>
	<!-- ========================== [[ DAO 등록 ]] ========================== -->
 	<bean id="member-dao" class="member.mvc.MemberDao">
 		<property name="sqlSessionTemplate" ref="sqlSessionTemplate"/>
	</bean>
 	<bean id="etc-dao" class="etc.mvc.EtcDao">
 		<property name="sqlSessionTemplate" ref="sqlSessionTemplate"/>
	</bean>
	<bean id="item_dao" class="item.mvc.ItemDao">
 		<property name="sqlSessionTemplate" ref="sqlSessionTemplate"/>
	</bean>
	<bean id="admin-dao" class="admin.mvc.AdminDao"> 
		<property name="sqlSessionTemplate" ref="sqlSessionTemplate"/>
	</bean>
	<bean id="errand-dao" class="errand.mvc.ErrandDao"> 
		<property name="sqlSessionTemplate" ref="sqlSessionTemplate"/>
	</bean>
	
</beans>
